/*!40101 SET @OLD_CHARACTER_SET_CLIENT=@@CHARACTER_SET_CLIENT */;
/*!40101 SET @OLD_CHARACTER_SET_RESULTS=@@CHARACTER_SET_RESULTS */;
/*!40101 SET @OLD_COLLATION_CONNECTION=@@COLLATION_CONNECTION */;
/*!40101 SET NAMES utf8 */;

INSERT INTO `clients` (`clients_id`, `name`, `user_id`) VALUES
(1, 'OOO Proletar', 1),
(2, 'PP Chornoguz Ltd', 2),
(3, 'NPO PischePromAvtomatika', 3),
(4, 'SP SD OOO TransKombayn', 4),
(5, 'Zorro', 5),
(6, 'Gromozeka', 6),
(10, 'tester', 13),
(11, 'Q Q', 16),
(12, 'иван2', 22),
(13, '毛澤東', 23),
(14, 'Very Important Client 0', 24),
(15, 'Very Important Client 1', 25),
(16, 'Very Important Client 2', 26),
(17, 'Very Important Client 3', 27),
(18, 'Very Important Client 4', 28),
(19, 'Very Important Client 5', 29),
(20, 'Very Important Client 6', 30),
(21, 'Very Important Client 7', 31),
(22, 'Very Important Client 8', 32),
(23, 'Very Important Client 9', 33),
(24, 'Very Important Client 10', 34),
(25, 'Very Important Client 11', 35),
(26, 'Very Important Client 12', 36),
(27, 'Very Important Client 13', 37),
(28, 'Very Important Client 14', 38),
(29, 'Very Important Client 15', 39),
(30, 'Very Important Client 16', 40),
(31, 'Very Important Client 17', 41),
(32, 'Very Important Client 18', 42),
(33, 'Very Important Client 19', 43),
(34, 'Very Important Client 20', 44),
(35, 'Very Important Client 21', 45),
(36, 'Very Important Client 22', 46),
(37, 'Very Important Client 23', 47),
(38, 'Very Important Client 24', 48),
(39, 'Very Important Client 25', 49),
(40, 'Very Important Client 26', 50),
(41, 'Very Important Client 27', 51),
(42, 'Very Important Client 28', 52),
(43, 'Very Important Client 29', 53),
(44, 'Very Important Client 30', 54),
(45, 'Very Important Client 31', 55),
(46, 'Very Important Client 32', 56),
(47, 'Very Important Client 33', 57),
(48, 'Very Important Client 34', 58),
(49, 'Very Important Client 35', 59),
(50, 'Very Important Client 36', 60),
(51, 'Very Important Client 37', 61),
(52, 'Very Important Client 38', 62),
(53, 'Very Important Client 39', 63),
(54, 'Very Important Client 40', 64),
(55, 'Very Important Client 41', 65),
(56, 'Very Important Client 42', 66),
(57, 'Very Important Client 43', 67),
(58, 'Very Important Client 44', 68),
(59, 'Very Important Client 45', 69),
(60, 'Very Important Client 46', 70),
(61, 'Very Important Client 47', 71),
(62, 'Very Important Client 48', 72),
(63, 'Very Important Client 49', 73),
(64, 'Very Important Client 50', 74),
(65, 'Very Important Client 51', 75),
(66, 'Very Important Client 52', 76),
(67, 'Very Important Client 53', 77),
(68, 'Very Important Client 54', 78),
(69, 'Very Important Client 55', 79),
(70, 'Very Important Client 56', 80),
(71, 'Very Important Client 57', 81),
(72, 'Very Important Client 58', 82),
(73, 'Very Important Client 59', 83),
(74, 'Very Important Client 60', 84),
(75, 'Very Important Client 61', 85),
(76, 'Very Important Client 62', 86),
(77, 'Very Important Client 63', 87),
(78, 'Very Important Client 64', 88),
(79, 'Very Important Client 65', 89),
(80, 'Very Important Client 66', 90),
(81, 'Very Important Client 67', 91),
(82, 'Very Important Client 68', 92),
(83, 'Very Important Client 69', 93),
(84, 'Very Important Client 70', 94),
(85, 'Very Important Client 71', 95),
(86, 'Very Important Client 72', 96),
(87, 'Very Important Client 73', 97),
(88, 'Very Important Client 74', 98),
(89, 'Very Important Client 75', 99),
(90, 'Very Important Client 76', 100),
(91, 'Very Important Client 77', 101),
(92, 'Very Important Client 78', 102),
(93, 'Very Important Client 79', 103),
(94, 'Very Important Client 80', 104),
(95, 'Very Important Client 81', 105),
(96, 'Very Important Client 82', 106),
(97, 'Very Important Client 83', 107),
(98, 'Very Important Client 84', 108),
(99, 'Very Important Client 85', 109),
(100, 'Very Important Client 86', 110);

INSERT INTO `machines` (`machines_id`, `machine_serviceable_id`, `serial_number`, `year`, `times_repaired`) VALUES
(1, 1, 'zp46-78vp-890u', 2000, 4),
(2, 2, 'yu46-67vp-819f', 1991, 4),
(3, 3, 'ppt6-8721-000k', 2004, 1),
(4, 4, 'oo62-PL67-g47M', 2013, 2),
(5, 4, 'km67-zptr-fffQ-1768', 2013, 2),
(6, 5, '567-67yy-optr-Z', 2010, 1),
(7, 5, 'llmm-7p90-12FF', 2010, 7),
(8, 5, 'ppp', 1978, 0),
(9, 1, '3678-Ф', 2002, 10),
(10, 6, 'аля-улю', 2010, 0),
(11, 8, '111100111-NN', 1988, 4),
(12, 8, '34-11-HNA', 1990, 5),
(20, 4, '567-90-TY', 1999, 5),
(21, 6, '56-//-OO-00', 1999, 3);

INSERT INTO `machines_serviceable` (`machines_serviceable_id`, `name`, `trademark`, `country`, `country_ru`, `available`) VALUES
(1, 'S1784RD5', 'Siemens', 'Germany', 'Германия', 1),
(2, 'MKP43-U', 'Uralmash', 'Russia', 'Россия', 1),
(3, 'Ruta', 'MotorSich', 'Ukraine', 'Украина', 1),
(4, 'LPD-15', 'Red Dragon', 'China', 'Китай', 1),
(5, 'Rumbler-9867', 'Caterpillar', 'USA', 'США', 0),
(6, 'ПКТЗЯЧЫФ-567', 'Петропавловский ЗТМС', 'Belarus', 'Белоруссия', 1),
(7, 'МОА', 'ЗПТ', 'Moldova', 'Молдова', 1),
(8, 'Freundshaft-17', 'Bosch', 'Germany', 'Германия', 1);

INSERT INTO `orders` (`orders_id`, `client_id`, `repair_type_id`, `machine_id`, `status_id`, `start`, `manager`) VALUES
(1, 1, 1, 1, 4, '2014-07-04', 'admin'),
(2, 2, 3, 2, 3, '2014-06-15', 'manager1'),
(4, 4, 1, 4, 2, '2013-10-11', 'admin'),
(5, 2, 2, 2, 4, '2012-10-25', 'manager1'),
(9, 3, 3, 3, 3, '2010-11-12', 'manager1'),
(10, 6, 1, 6, 3, '2014-09-09', 'admin'),
(11, 1, 3, 1, 4, '2014-09-21', 'manager1'),
(12, 1, 1, 7, 4, '2014-09-21', 'admin'),
(17, 12, 1, 8, 2, '2015-12-10', 'admin'),
(18, 13, 1, 10, 2, '2015-04-15', 'manager1'),
(19, 99, 1, 8, 2, '2015-04-19', 'manager1'),
(20, 14, 1, 10, 2, '2015-04-19', 'vip10706'),
(23, 1, 5, 20, 4, '2015-04-19', 'admin'),
(35, 1, 5, 1, 2, '2015-04-20', 'manager1'),
(36, 1, 2, 20, 3, '2015-04-20', 'manager1'),
(37, 100, 1, 10, 4, '2015-05-05', 'vip10706');

INSERT INTO `order_statuses` (`order_statuses_id`, `order_status_number`, `order_status_name`, `order_status_name_ru`) VALUES
(1, 1, 'pending', 'в обработке'),
(2, 2, 'started', 'выполняется'),
(3, 3, 'ready', 'готов'),
(4, 4, 'finished', 'завершен');

INSERT INTO `repair_types` (`repair_types_id`, `name`, `name_ru`, `price`, `duration`, `available`) VALUES
(1, 'Full', 'Полный', '1000.00', 12, 1),
(2, 'Partial', 'Частичный', '500.00', 3, 1),
(3, 'Guarantee', 'Гарантийный', '0.00', 1, 0),
(4, 'Insurance', 'По страховке', '250.00', 2, 1),
(5, 'Insurance Partial', 'Частичная страховка', '300.00', 1, 0);

INSERT INTO `users` (`users_id`, `login`, `password`, `enabled`) VALUES
(1, 'proletar', '$2a$10$yv7G5STusSk5QeRcKOsh8uHMWDK9JOzbjT4Esr9mDUrlb0e9l/6YC', 1),
(2, 'chornoguz', '$2a$10$ShT98Yr9PyEfAIrHLx6tWeqR.dbgi8doHvBF98z.CDoQ3lpPXfdwy', 1),
(3, 'ppa', '$2a$10$GUK7oBTZp2NgNoIuXoXI3ustGovh2wnHjCPnHzrJvoYdPf9A6Iqxi', 1),
(4, 'trkomb', '$2a$10$z4oXKO8VILy2XfnpmGIHauUblTvyuuluudH93LCTQBz.qnspZ.BKC', 1),
(5, 'zorro', '$2a$10$Umdd.bBV7H0oFxjh7oaH9eV2.J6K1iJ3f.UKJbyIUhOX5Z9cuofim', 1),
(6, 'gromozeka', '$2a$10$pVemCFg2F6mMWFbuh0kAmuWdtwk.WNIxYNaP8g0smclu.T3vf/Fnq', 1),
(8, 'admin', '$2a$10$XX6z9tVswh39IKizA9ewCuLndBANXtFnF8kCOl2GxI38FzuN6KP76', 1),
(9, 'manager1', '$2a$10$fUWyGXE5eRqv3AmcUPBnp.1LF8oPzY7Kbbg8V0qyNrCBvue3omque', 1),
(13, 'tester', '$2a$10$aPQbx.Oiae6ZyMXLc5ZPwO7nUGPKLCMZqX/B3Run4y0b/e0U0K.RO', 1),
(14, 'bobobo', '$2a$10$0ku2RHliH4pW0784L.Psy.YG1RyjyLvD8Q7SMRXBde8/oqtGhxAge', 0),
(16, 'q', '$2a$10$tx25E6aPQxGOlD5lY3MZCeYJFqwExINoOmEudpzURiPoCzgpjlOV2', 1),
(22, 'иван2', '$2a$10$iUmWkQyxmhDuPI7Cct9twuEKcmm3mAe.fHLuitgOUdSZ21I5tijKm', 1),
(23, 'мао', '$2a$10$7VBDUzGbc2MvJ/GejzUHcOSKakMOBSuz/Rwo6upPnBgHnkfT8oMPe', 1),
(24, 'vip0', '$2a$10$WLy9UfUKMOhJLr3gHizRq.ulylcsbSnuT2b.v8yD9wP.rz9mZg3eW', 1),
(25, 'vip1', '$2a$10$MxL7QJG5quJNBM9GSCkVYeCLUMgcGUvAkRwW4o/jncFAGEMo2/1/W', 1),
(26, 'vip2', '$2a$10$oYRwbGO83ZgYeuwsjl5ZfeV1PUcf9o.QOeAFy6GtHUYD7RNK2MiNu', 1),
(27, 'vip3', '$2a$10$v2fAiRO5tGtIoIJH6M9h6uiCz78NmgRB3pVIImlVklXSw9PoE47GW', 1),
(28, 'vip4', '$2a$10$TZjuN33jovejOSjreTMjY.SSlxfQJW0NApWr8w0AZ1pK7KZIUZOBG', 1),
(29, 'vip5', '$2a$10$8Kz8vk89PXmtfwRAV7535us1cT6OJwuZw9PszbJ/o1A6MaELWkVVO', 1),
(30, 'vip6', '$2a$10$Q6s2.l9yDinsQthd3AkINuucgfd81F2XQ9Ou68MXfzXeUjCVn32xm', 1),
(31, 'vip7', '$2a$10$k2k4sYAqQN4awVBA1U9K1.HV7ln.LtZC8vOyxDcxIxQK6XN.GV0Qy', 1),
(32, 'vip8', '$2a$10$dA91Nnx3YxnBa/uNBipkPeAzGVcSr0SEFoDVbGeWluyXBkPE/DuUC', 1),
(33, 'vip9', '$2a$10$ImT5E9EpLcrHb5DkkE8rQee/BgQBIJWylXV6v0dzw8od4iTOp4NM6', 1),
(34, 'vip10', '$2a$10$Zhkr9rZDRSKwy44kZxuqj.gRYsigY7JjEb0e8NpJquChTA0c1qby2', 1),
(35, 'vip11', '$2a$10$0av3bUg47Y/CcDxTxkkLyO45wxedHyVOGNrbBrUkDIKmntvkKH8sC', 1),
(36, 'vip12', '$2a$10$FNlNsiT5X9LOqrJ3KP/mGe5PBJ55KeaY3BrF4zjhhZ3DwmG4bMuwG', 1),
(37, 'vip13', '$2a$10$BRWBVmTtgmOeTc0iINC0MeJg8K0xgqrEfj18nC43H4huFgHsTPi8W', 1),
(38, 'vip14', '$2a$10$Dd07AxN1zpbpTJU/uDRmdOO4f9MFaaXK0Jp4SqxSEpNjWwo9lpXfa', 1),
(39, 'vip15', '$2a$10$vcJtkHMcGgCwkYefl0tD0ej4d4.w7IrJ/szn31XhdId.fJUL6qpCm', 1),
(40, 'vip16', '$2a$10$uGh76hBecQi3dNMNxbZbyOT0ProCPML55esOVeqpRv0vwsa4FLiEe', 1),
(41, 'vip17', '$2a$10$AG1kB4OXGU50XT5zf3DsQ.3Ksdyr8Q4HF5Jm.h05imSsexYHGHhvK', 1),
(42, 'vip18', '$2a$10$RfYLv6xk9CN4o0DsCna7MO1dJ82iNg5O5zKIjaJ8OFrA7.LgH6IYO', 1),
(43, 'vip19', '$2a$10$UvNrmY4HVz1oFd1ArxVFiOoD7TovE2TqNPCX9vFzFm1.Ewvb5xtBm', 1),
(44, 'vip20', '$2a$10$cIDX78Wly6GLVtOgYX4cJuzNriziW72frl3yaIzE3qPIxisCUewL6', 1),
(45, 'vip21', '$2a$10$SdEQc4BMcxjWW01AavNO6.naMUFJkJ.4EeF1TkMtrQbouegDyqGei', 1),
(46, 'vip22', '$2a$10$gd1ifMBj99ehNI9YfuCyVuRzQcJzHQxzOuXw0ou/fOYpvx/bRlQmy', 1),
(47, 'vip23', '$2a$10$yAs4NRKrLcZ3Fzwfosn4IO0a3lZAVQe.TdlpEq21Pt/hZNgx32b92', 1),
(48, 'vip24', '$2a$10$LdjR.sdUJKVrvg97IROvjuoFiOu.98oqkovboj029I0uJK9dGOm7O', 1),
(49, 'vip25', '$2a$10$wloDiSi2Xdp5gXc/b7aLs.HA4mLJ3snkX79EbtmIPR1U327kMLpFO', 1),
(50, 'vip26', '$2a$10$w8hS9j7Auger7Q.zQrnj8uCelQ6jfu5ljRprN7D3rpS9ovTBqZWq.', 1),
(51, 'vip27', '$2a$10$N7dlWTndF1C9Kygvrkkl7.eCAkswK6uXDURGaNtA9lh9Uf2RL4y3W', 1),
(52, 'vip28', '$2a$10$NuM4cbF435Y15xdlH0mi/.OSUvCUMlpveybH8XR.ZAyOMUEGgO/Sy', 1),
(53, 'vip29', '$2a$10$JHA1SBInOGMn5aw02rdqbO3ne1rCOGuZaT7N49L5.C9qV.c/qZHei', 1),
(54, 'vip30', '$2a$10$oEnExPv5xojSrYObev4NRuAzbFTonclQ6dc27Y06mCbJ8XP6Oybze', 1),
(55, 'vip31', '$2a$10$sCBCrJfJLE0vSfprNXuuF.tDHRi.JhCv/ZN5QYOGsVTj6dAcqfa7.', 1),
(56, 'vip32', '$2a$10$KF2T6/jtZaKQkiGMgSyjq.5LKHciqChz2uc9jPBfJMOJVsib7fp4K', 1),
(57, 'vip33', '$2a$10$64YTT84dIqUGpRkK6.UzPuHdvWJsW.Mq0aK9x1FkfIEwvKmMQ2W/a', 1),
(58, 'vip34', '$2a$10$c/15Ayrs97L.E7dq2vZDCuln261XMGK8Ob.wweKrgbigy1jXYsniq', 1),
(59, 'vip35', '$2a$10$HVoayw6goL2B/QwosBEzIOb398Xia7G6aeFpc3j0LUmppIpOdjvOa', 1),
(60, 'vip36', '$2a$10$.xw5G3Sr3641x/wZT/1koeJQ5Rqs7dOPunRGdAWymh92vvD4ndK4i', 1),
(61, 'vip37', '$2a$10$VQHWA.43N.4ie2LoraM1su1h7n/HV9MepqUcEwG3fOEASAkqCpP.y', 1),
(62, 'vip38', '$2a$10$T3LuiCD/cAAJUdbtSZfqNeHFQDFeGukTHZ.tpk5bpH2T0NOf4myJK', 1),
(63, 'vip39', '$2a$10$DwA0V0c2O1eJPgpqYrJZXufjUpzYb6pQBvRkT2fa6idvcfEvErHAK', 1),
(64, 'vip40', '$2a$10$Jb6UlnDUxzXDVQ5A7CBF.OqA.aDNKtlHPixihriIe8dX2fpRch4jK', 1),
(65, 'vip41', '$2a$10$/nc3DbzNXOaj.wtWDD.rNeWSWMzWsISHrFWK133hVyEEdqMX5VoYi', 1),
(66, 'vip42', '$2a$10$7nnd62BkS85Mn2nz4Ahnqe4hOumu0VLMvrvw8PsPInsHRXRsDleYO', 1),
(67, 'vip43', '$2a$10$pr9vPs9sNixQVbsz3pJ3N.DxdCuKG0GoawrH8zgG9TwKPe/aGj.Pu', 1),
(68, 'vip44', '$2a$10$hvCm0nzheQmmlhj/Ea4mUu4JaYh.h7GVZL5qKJQ15uJURNN7mCqvK', 1),
(69, 'vip45', '$2a$10$0YTxvM8gjxkcTUYOhpBgtO6.cC3mgsDp7nwumpfBGCO76EwPxTzXq', 1),
(70, 'vip46', '$2a$10$t1S3e8A9D5Bvmk9eNkb7sOHP74TfU03xReO0sPgCu3r0r39t2P4fe', 1),
(71, 'vip47', '$2a$10$t69teV1US6/TdxUrTrFf5OF6LQFKfiyml4KxaUMO0IRjt5xp70Ue2', 1),
(72, 'vip48', '$2a$10$nFghX8SH6VG2ygWFsvBVougZ.4mWfgO1QFmje9YJNXyyt4HCEVSXe', 1),
(73, 'vip49', '$2a$10$2HBYX63JT5KGY6ndmvK29O.G7R/DxAPRlzRWc5EXoYgCdGWQEbZcW', 1),
(74, 'vip50', '$2a$10$nG86RWRw/X9RefoOY3lG8.O.huCTaH/F7SMQWxt/oaGEhRiZ.aqxO', 1),
(75, 'vip51', '$2a$10$JOiXSMJS0ewAFb2nJzlF..jZzIb4yvWi4VV84DoL1cPGQ1WIHBlOG', 1),
(76, 'vip52', '$2a$10$CTS/PRiA7MC/nfSUF91Da.HrFikASB.iaLw3ZrN1xAfyLhYR5miki', 1),
(77, 'vip53', '$2a$10$PSPVIJjB8plfeQoh5fxnJeVDC1e6y29.LxxvwmFf/CzHthQgVU9qi', 1),
(78, 'vip54', '$2a$10$/DLW7kWYbZpJNjPwhfZwIu.fKxOypFfVg5YEAO470l8vWCnW0Ii5e', 1),
(79, 'vip55', '$2a$10$VbJMTEITVJUVJzAMzqvGKO44H.EPpg7NTDjBzOPDrBENwHxE7UYIa', 1),
(80, 'vip56', '$2a$10$9uMxgdSWxN/wA8/jxvMoLeXNMLhIToQ5eNHFmr7wz0gdGNiPuMPOm', 1),
(81, 'vip57', '$2a$10$FTWjPlCWINIhdzwAPI3xfe1UMEP43nM0zAaN5DdHi1UiaMBspQK.m', 1),
(82, 'vip58', '$2a$10$/WeOWY4iuqh6TLf8rFQMOuLWgQk3rq2M4d7L2n0nwatjuvkIt81mW', 1),
(83, 'vip59', '$2a$10$gB2J3AyY6Kde9Rvq383QNujIpRci4CM93KU9lhJuIqYODz/2enVJm', 1),
(84, 'vip60', '$2a$10$7QKVncm/./aYKm6iK62emOBqnMcM072ScEjT1IT.1ohAevl4t6Y3K', 1),
(85, 'vip61', '$2a$10$YitRoH1bJxrXjkRR4uKVLu2oFot1L3AqwObWDPft/OMlPKIpjvOHi', 1),
(86, 'vip62', '$2a$10$9eQVl3UyM3pD6XFUrsQtDOJ1/NyXq8nAEcbryD5W6e7BqaHuoSc6.', 1),
(87, 'vip63', '$2a$10$CbGaUKgXBvEsSkzRt2IC/udodxdTC.W3VOHLTxPIXTSXhFotRX6cm', 1),
(88, 'vip64', '$2a$10$0c5LhiAuNouySWnWWVQcGOdydcqmQIL6kIVc8/EO6SDdIxbNnjBEC', 1),
(89, 'vip65', '$2a$10$C5kRC07Vv/RF/CCF16hsA.m.tpLFOkf6liqQIMq.BlTRHU9N0W6iK', 1),
(90, 'vip66', '$2a$10$GDpWcdJ7aXrILO7i/v5ki.4cIngnqafWI7yNlumDz3I3v5DxxqfC6', 1),
(91, 'vip67', '$2a$10$Kd8yj0L.bvfxos3OgJO13.BN1uoEdWFC78SVrPWkgyKW.C0iDQRh2', 1),
(92, 'vip68', '$2a$10$.J.gXeB3GsYaH/4VLN5cqOUd.uIKv25TtFvJ.hdoL1O3nYGbGPmmy', 1),
(93, 'vip69', '$2a$10$DkvUYluxVpzzFgnyvQg04uoBblqXecTQoQRlvx5bt.oLk9qrcnCeu', 1),
(94, 'vip70', '$2a$10$73eC.942uSL/ga8qjPlU5ukKrkFbf0yw9ptg6R2gI0M6AaaFO/Yqa', 1),
(95, 'vip71', '$2a$10$1T7V5ed1JdXWZMZbSUWLSO3o8K4E5ATyLa2L7ywlvE8nVhxhorEvy', 1),
(96, 'vip72', '$2a$10$3T1zfwys6l903e/JaATLJOsvFgKStfjDdQGXOj5XS31PG9ClI2eXO', 1),
(97, 'vip73', '$2a$10$RMXuMy5nlc0nmm2zS45xIOTPZvpcMkrlO0wiEo0Dgh/jOzC4uqFaW', 1),
(98, 'vip74', '$2a$10$7FeC97oU.WtqMcCDBmHrjOCijJiDyk7aTVM343OjAo.wX16A.woKC', 1),
(99, 'vip75', '$2a$10$WNlJ4UXm24op8VTcZL76Ne/udbRhLPDhzDn9Hwy3MM/7bjR68B.Hy', 1),
(100, 'vip76', '$2a$10$2GEqiBQFuGT5R9GO5G1gG.GZgX6gE4SrN0NEvups972Nu2bTxtuD.', 1),
(101, 'vip77', '$2a$10$e5if30YXFt8jHNj1rK2MyOLidGsO9vhGnfNx3E3YtLZgHVwFC2Pau', 1),
(102, 'vip78', '$2a$10$yLUa1a0zI3wKdiR3TVMfl.y2dT3buHGXoa4O0CN/DN/9FrSqPvCPy', 1),
(103, 'vip79', '$2a$10$SGwjedxvrfz2SM1QEu2XqumTXpLVRBS8Pf3j82LhlSV7tI07i2sky', 1),
(104, 'vip80', '$2a$10$FK3C4NOvtHw.dJD5oTW8TuXC1l/DvUWF2kIvRKr8s.a1cuk3Q00R.', 1),
(105, 'vip81', '$2a$10$.nRQmMh1FGsd/.ZAA4a1Me.qc90w31XaPVqcLGy2fsIdQ7oAhV3t6', 1),
(106, 'vip82', '$2a$10$l.nyLfid1yt9ThiNPc5rDev6VXfSwWXsnzP918ohtaDmiYXhE1dfa', 1),
(107, 'vip83', '$2a$10$y./3Nfcarz.3cYJQjPbgf.z9bHXvKXOFcgD6Jj1bSkgLPySJKtAva', 1),
(108, 'vip84', '$2a$10$Ricq/l7bXZf1J3snc86xxO3S28Ed/YjDYK0GhpCzfiz9qYGzmk3O6', 1),
(109, 'vip85', '$2a$10$xHFkd.WfxPyXhhVnzpxy9.NerMbJV0eCoqgbZBNJPODvaphFJjSEW', 1),
(110, 'vip86', '$2a$10$VjVj61MNzpwlEf5zX7X6yeNOaCC4ltOthKjaetGT7hIRlTuT6/8Yi', 1);

INSERT INTO `user_authorization` (`user_authorization_id`, `user_id`, `role`, `desc_en`, `desc_ru`) VALUES
(1, 8, 'ROLE_ADMIN', 'Administrator', 'Администратор'),
(2, 8, 'ROLE_CLIENT', 'Client', 'Клиент'),
(3, 9, 'ROLE_CLIENT', 'Client', 'Клиент'),
(4, 9, 'ROLE_MANAGER', 'Manager', 'Менеджер'),
(5, 1, 'ROLE_CLIENT', 'Client', 'Клиент'),
(6, 2, 'ROLE_CLIENT', 'Client', 'Клиент'),
(7, 6, 'ROLE_CLIENT', 'Client', 'Клиент'),
(8, 3, 'ROLE_CLIENT', 'Client', 'Клиент'),
(10, 4, 'ROLE_CLIENT', 'Client', 'Клиент'),
(11, 5, 'ROLE_CLIENT', 'Client', 'Клиент'),
(15, 13, 'ROLE_CLIENT', 'Client', 'Клиент'),
(16, 16, 'ROLE_CLIENT', 'Client', 'Клиент'),
(17, 22, 'ROLE_CLIENT', 'Client', 'Клиент'),
(18, 23, 'ROLE_CLIENT', 'Client', 'Клиент'),
(19, 24, 'ROLE_CLIENT', 'Client', 'Клиент'),
(20, 25, 'ROLE_CLIENT', 'Client', 'Клиент'),
(21, 26, 'ROLE_CLIENT', 'Client', 'Клиент'),
(22, 27, 'ROLE_CLIENT', 'Client', 'Клиент'),
(23, 28, 'ROLE_CLIENT', 'Client', 'Клиент'),
(24, 29, 'ROLE_CLIENT', 'Client', 'Клиент'),
(25, 30, 'ROLE_CLIENT', 'Client', 'Клиент'),
(26, 31, 'ROLE_CLIENT', 'Client', 'Клиент'),
(27, 32, 'ROLE_CLIENT', 'Client', 'Клиент'),
(28, 33, 'ROLE_CLIENT', 'Client', 'Клиент'),
(29, 34, 'ROLE_CLIENT', 'Client', 'Клиент'),
(30, 35, 'ROLE_CLIENT', 'Client', 'Клиент'),
(31, 36, 'ROLE_CLIENT', 'Client', 'Клиент'),
(32, 37, 'ROLE_CLIENT', 'Client', 'Клиент'),
(33, 38, 'ROLE_CLIENT', 'Client', 'Клиент'),
(34, 39, 'ROLE_CLIENT', 'Client', 'Клиент'),
(35, 40, 'ROLE_CLIENT', 'Client', 'Клиент'),
(36, 41, 'ROLE_CLIENT', 'Client', 'Клиент'),
(37, 42, 'ROLE_CLIENT', 'Client', 'Клиент'),
(38, 43, 'ROLE_CLIENT', 'Client', 'Клиент'),
(39, 44, 'ROLE_CLIENT', 'Client', 'Клиент'),
(40, 45, 'ROLE_CLIENT', 'Client', 'Клиент'),
(41, 46, 'ROLE_CLIENT', 'Client', 'Клиент'),
(42, 47, 'ROLE_CLIENT', 'Client', 'Клиент'),
(43, 48, 'ROLE_CLIENT', 'Client', 'Клиент'),
(44, 49, 'ROLE_CLIENT', 'Client', 'Клиент'),
(45, 50, 'ROLE_CLIENT', 'Client', 'Клиент'),
(46, 51, 'ROLE_CLIENT', 'Client', 'Клиент'),
(47, 52, 'ROLE_CLIENT', 'Client', 'Клиент'),
(48, 53, 'ROLE_CLIENT', 'Client', 'Клиент'),
(49, 54, 'ROLE_CLIENT', 'Client', 'Клиент'),
(50, 55, 'ROLE_CLIENT', 'Client', 'Клиент'),
(51, 56, 'ROLE_CLIENT', 'Client', 'Клиент'),
(52, 57, 'ROLE_CLIENT', 'Client', 'Клиент'),
(53, 58, 'ROLE_CLIENT', 'Client', 'Клиент'),
(54, 59, 'ROLE_CLIENT', 'Client', 'Клиент'),
(55, 60, 'ROLE_CLIENT', 'Client', 'Клиент'),
(56, 61, 'ROLE_CLIENT', 'Client', 'Клиент'),
(57, 62, 'ROLE_CLIENT', 'Client', 'Клиент'),
(58, 63, 'ROLE_CLIENT', 'Client', 'Клиент'),
(59, 64, 'ROLE_CLIENT', 'Client', 'Клиент'),
(60, 65, 'ROLE_CLIENT', 'Client', 'Клиент'),
(61, 66, 'ROLE_CLIENT', 'Client', 'Клиент'),
(62, 67, 'ROLE_CLIENT', 'Client', 'Клиент'),
(63, 68, 'ROLE_CLIENT', 'Client', 'Клиент'),
(64, 69, 'ROLE_CLIENT', 'Client', 'Клиент'),
(65, 70, 'ROLE_CLIENT', 'Client', 'Клиент'),
(66, 71, 'ROLE_CLIENT', 'Client', 'Клиент'),
(67, 72, 'ROLE_CLIENT', 'Client', 'Клиент'),
(68, 73, 'ROLE_CLIENT', 'Client', 'Клиент'),
(69, 74, 'ROLE_CLIENT', 'Client', 'Клиент'),
(70, 75, 'ROLE_CLIENT', 'Client', 'Клиент'),
(71, 76, 'ROLE_CLIENT', 'Client', 'Клиент'),
(72, 77, 'ROLE_CLIENT', 'Client', 'Клиент'),
(73, 78, 'ROLE_CLIENT', 'Client', 'Клиент'),
(74, 79, 'ROLE_CLIENT', 'Client', 'Клиент'),
(75, 80, 'ROLE_CLIENT', 'Client', 'Клиент'),
(76, 81, 'ROLE_CLIENT', 'Client', 'Клиент'),
(77, 82, 'ROLE_CLIENT', 'Client', 'Клиент'),
(78, 83, 'ROLE_CLIENT', 'Client', 'Клиент'),
(79, 84, 'ROLE_CLIENT', 'Client', 'Клиент'),
(80, 85, 'ROLE_CLIENT', 'Client', 'Клиент'),
(81, 86, 'ROLE_CLIENT', 'Client', 'Клиент'),
(82, 87, 'ROLE_CLIENT', 'Client', 'Клиент'),
(83, 88, 'ROLE_CLIENT', 'Client', 'Клиент'),
(84, 89, 'ROLE_CLIENT', 'Client', 'Клиент'),
(85, 90, 'ROLE_CLIENT', 'Client', 'Клиент'),
(86, 91, 'ROLE_CLIENT', 'Client', 'Клиент'),
(87, 92, 'ROLE_CLIENT', 'Client', 'Клиент'),
(88, 93, 'ROLE_CLIENT', 'Client', 'Клиент'),
(89, 94, 'ROLE_CLIENT', 'Client', 'Клиент'),
(90, 95, 'ROLE_CLIENT', 'Client', 'Клиент'),
(91, 96, 'ROLE_CLIENT', 'Client', 'Клиент'),
(92, 97, 'ROLE_CLIENT', 'Client', 'Клиент'),
(93, 98, 'ROLE_CLIENT', 'Client', 'Клиент'),
(94, 99, 'ROLE_CLIENT', 'Client', 'Клиент'),
(95, 100, 'ROLE_CLIENT', 'Client', 'Клиент'),
(96, 101, 'ROLE_CLIENT', 'Client', 'Клиент'),
(97, 102, 'ROLE_CLIENT', 'Client', 'Клиент'),
(98, 103, 'ROLE_CLIENT', 'Client', 'Клиент'),
(99, 104, 'ROLE_CLIENT', 'Client', 'Клиент'),
(100, 105, 'ROLE_CLIENT', 'Client', 'Клиент'),
(101, 106, 'ROLE_CLIENT', 'Client', 'Клиент'),
(102, 107, 'ROLE_CLIENT', 'Client', 'Клиент'),
(103, 108, 'ROLE_CLIENT', 'Client', 'Клиент'),
(104, 109, 'ROLE_CLIENT', 'Client', 'Клиент'),
(105, 110, 'ROLE_CLIENT', 'Client', 'Клиент');

ALTER TABLE `clients`
  ADD CONSTRAINT `clients_ibfk_1` FOREIGN KEY (`user_id`) REFERENCES `users` (`users_id`);

ALTER TABLE `machines`
  ADD CONSTRAINT `machines_ibfk_1` FOREIGN KEY (`machine_serviceable_id`) REFERENCES `machines_serviceable` (`machines_serviceable_id`);

ALTER TABLE `orders`
  ADD CONSTRAINT `orders_ibfk_1` FOREIGN KEY (`client_id`) REFERENCES `clients` (`clients_id`),
  ADD CONSTRAINT `orders_ibfk_2` FOREIGN KEY (`repair_type_id`) REFERENCES `repair_types` (`repair_types_id`),
  ADD CONSTRAINT `orders_ibfk_3` FOREIGN KEY (`machine_id`) REFERENCES `machines` (`machines_id`);

ALTER TABLE `user_authorization`
  ADD CONSTRAINT `user_authorization_ibfk_1` FOREIGN KEY (`user_id`) REFERENCES `users` (`users_id`);

/*!40101 SET CHARACTER_SET_CLIENT=@OLD_CHARACTER_SET_CLIENT */;
/*!40101 SET CHARACTER_SET_RESULTS=@OLD_CHARACTER_SET_RESULTS */;
/*!40101 SET COLLATION_CONNECTION=@OLD_COLLATION_CONNECTION */;